<?xml version="1.0" encoding="UTF-8"?>
<project-private xmlns="http://www.netbeans.org/ns/project-private/1">
    <editor-bookmarks xmlns="http://www.netbeans.org/ns/editor-bookmarks/2" lastBookmarkId="0"/>
    <open-files xmlns="http://www.netbeans.org/ns/projectui-open-files/2">
        <group>
            <file>file:/home/serdar/Sadeceon/%23completed/lyricsound-2/01_source-code/05_project/MaasHesaplama/src/FullTime.java</file>
            <file>file:/home/serdar/Sadeceon/%23completed/lyricsound-2/01_source-code/05_project/MaasHesaplama/src/Employee.java</file>
            <file>file:/home/serdar/Sadeceon/%23completed/lyricsound-2/01_source-code/05_project/MaasHesaplama/src/ReadFile.java</file>
            <file>file:/home/serdar/Sadeceon/%23completed/lyricsound-2/01_source-code/05_project/MaasHesaplama/src/ResearchAssistans.java</file>
            <file>file:/home/serdar/Sadeceon/%23completed/lyricsound-2/01_source-code/05_project/MaasHesaplama/src/FacultyMembers.java</file>
            <file>file:/home/serdar/Sadeceon/%23completed/lyricsound-2/01_source-code/05_project/MaasHesaplama/src/WriteFile.java</file>
            <file>file:/home/serdar/Sadeceon/%23completed/lyricsound-2/01_source-code/05_project/MaasHesaplama/src/Main.java</file>
            <file>file:/home/serdar/Sadeceon/%23completed/lyricsound-2/01_source-code/05_project/MaasHesaplama/src/PartTime.java</file>
            <file>file:/home/serdar/Sadeceon/%23completed/lyricsound-2/01_source-code/05_project/MaasHesaplama/src/Academician.java</file>
            <file>file:/home/serdar/Sadeceon/%23completed/lyricsound-2/01_source-code/05_project/MaasHesaplama/src/Security.java</file>
            <file>file:/home/serdar/Sadeceon/%23completed/lyricsound-2/01_source-code/05_project/MaasHesaplama/src/Officer.java</file>
            <file>file:/home/serdar/Sadeceon/%23completed/lyricsound-2/01_source-code/05_project/MaasHesaplama/src/Monitor.java</file>
        </group>
    </open-files>
</project-private>
