<?xml version="1.0" encoding="UTF-8"?>
<configurationDescriptor version="100">
  <logicalFolder name="root" displayName="root" projectFiles="true" kind="ROOT">
    <logicalFolder name="HeaderFiles"
                   displayName="Header Files"
                   projectFiles="true">
      <logicalFolder name="include" displayName="include" projectFiles="true">
        <itemPath>include/math.h</itemPath>
        <itemPath>include/stdio.h</itemPath>
        <itemPath>include/stdlib.h</itemPath>
        <itemPath>include/string.h</itemPath>
        <itemPath>include/time.h</itemPath>
      </logicalFolder>
      <logicalFolder name="lib" displayName="lib" projectFiles="true">
        <itemPath>lib/ImeiNu.h</itemPath>
        <itemPath>lib/KimlikNu.h</itemPath>
        <itemPath>lib/Kisi.h</itemPath>
        <itemPath>lib/Rastgele.h</itemPath>
        <itemPath>lib/RastgeleKisi.h</itemPath>
        <itemPath>lib/Telefon.h</itemPath>
        <itemPath>lib/Yas.h</itemPath>
      </logicalFolder>
    </logicalFolder>
    <logicalFolder name="ResourceFiles"
                   displayName="Resource Files"
                   projectFiles="true">
    </logicalFolder>
    <logicalFolder name="SourceFiles"
                   displayName="Source Files"
                   projectFiles="true">
      <itemPath>main.c</itemPath>
    </logicalFolder>
    <logicalFolder name="TestFiles"
                   displayName="Test Files"
                   projectFiles="false"
                   kind="TEST_LOGICAL_FOLDER">
    </logicalFolder>
    <logicalFolder name="ExternalFiles"
                   displayName="Important Files"
                   projectFiles="false"
                   kind="IMPORTANT_FILES_FOLDER">
      <itemPath>Makefile</itemPath>
    </logicalFolder>
  </logicalFolder>
  <sourceRootList>
    <Elem>lib</Elem>
    <Elem>include</Elem>
  </sourceRootList>
  <projectmakefile>Makefile</projectmakefile>
  <confs>
    <conf name="Debug" type="1">
      <toolsSet>
        <compilerSet>default</compilerSet>
        <dependencyChecking>true</dependencyChecking>
        <rebuildPropChanged>false</rebuildPropChanged>
      </toolsSet>
      <compileType>
      </compileType>
      <item path="include/math.h" ex="false" tool="3" flavor2="0">
      </item>
      <item path="include/stdio.h" ex="false" tool="3" flavor2="0">
      </item>
      <item path="include/stdlib.h" ex="false" tool="3" flavor2="0">
      </item>
      <item path="include/string.h" ex="false" tool="3" flavor2="0">
      </item>
      <item path="include/time.h" ex="false" tool="3" flavor2="0">
      </item>
      <item path="lib/ImeiNu.h" ex="false" tool="3" flavor2="0">
      </item>
      <item path="lib/KimlikNu.h" ex="false" tool="3" flavor2="0">
      </item>
      <item path="lib/Kisi.h" ex="false" tool="3" flavor2="0">
      </item>
      <item path="lib/Rastgele.h" ex="false" tool="3" flavor2="0">
      </item>
      <item path="lib/RastgeleKisi.h" ex="false" tool="3" flavor2="0">
      </item>
      <item path="lib/Telefon.h" ex="false" tool="3" flavor2="0">
      </item>
      <item path="lib/Yas.h" ex="false" tool="3" flavor2="0">
      </item>
      <item path="main.c" ex="false" tool="0" flavor2="0">
      </item>
    </conf>
    <conf name="Release" type="1">
      <toolsSet>
        <compilerSet>default</compilerSet>
        <dependencyChecking>true</dependencyChecking>
        <rebuildPropChanged>false</rebuildPropChanged>
      </toolsSet>
      <compileType>
        <cTool>
          <developmentMode>5</developmentMode>
        </cTool>
        <ccTool>
          <developmentMode>5</developmentMode>
        </ccTool>
        <fortranCompilerTool>
          <developmentMode>5</developmentMode>
        </fortranCompilerTool>
        <asmTool>
          <developmentMode>5</developmentMode>
        </asmTool>
      </compileType>
      <item path="include/math.h" ex="false" tool="3" flavor2="0">
      </item>
      <item path="include/stdio.h" ex="false" tool="3" flavor2="0">
      </item>
      <item path="include/stdlib.h" ex="false" tool="3" flavor2="0">
      </item>
      <item path="include/string.h" ex="false" tool="3" flavor2="0">
      </item>
      <item path="include/time.h" ex="false" tool="3" flavor2="0">
      </item>
      <item path="lib/ImeiNu.h" ex="false" tool="3" flavor2="0">
      </item>
      <item path="lib/KimlikNu.h" ex="false" tool="3" flavor2="0">
      </item>
      <item path="lib/Kisi.h" ex="false" tool="3" flavor2="0">
      </item>
      <item path="lib/Rastgele.h" ex="false" tool="3" flavor2="0">
      </item>
      <item path="lib/RastgeleKisi.h" ex="false" tool="3" flavor2="0">
      </item>
      <item path="lib/Telefon.h" ex="false" tool="3" flavor2="0">
      </item>
      <item path="lib/Yas.h" ex="false" tool="3" flavor2="0">
      </item>
      <item path="main.c" ex="false" tool="0" flavor2="0">
      </item>
    </conf>
  </confs>
</configurationDescriptor>
