<?xml version="1.0" encoding="UTF-8"?>
<configurationDescriptor version="100">
  <logicalFolder name="root" displayName="root" projectFiles="true" kind="ROOT">
    <logicalFolder name="HeaderFiles"
                   displayName="Header Files"
                   projectFiles="true">
      <logicalFolder name="lib" displayName="lib" projectFiles="true">
        <itemPath>lib/imeiuret.h</itemPath>
        <itemPath>lib/kisi.h</itemPath>
        <itemPath>lib/kisiuret.h</itemPath>
        <itemPath>lib/rastgeleuret.h</itemPath>
        <itemPath>lib/tcnouret.h</itemPath>
        <itemPath>lib/teluret.h</itemPath>
        <itemPath>lib/yasuret.h</itemPath>
      </logicalFolder>
    </logicalFolder>
    <logicalFolder name="ResourceFiles"
                   displayName="Resource Files"
                   projectFiles="true">
    </logicalFolder>
    <logicalFolder name="SourceFiles"
                   displayName="Source Files"
                   projectFiles="true">
      <itemPath>main.c</itemPath>
    </logicalFolder>
    <logicalFolder name="TestFiles"
                   displayName="Test Files"
                   projectFiles="false"
                   kind="TEST_LOGICAL_FOLDER">
    </logicalFolder>
    <logicalFolder name="ExternalFiles"
                   displayName="Important Files"
                   projectFiles="false"
                   kind="IMPORTANT_FILES_FOLDER">
      <itemPath>Makefile</itemPath>
    </logicalFolder>
  </logicalFolder>
  <sourceRootList>
    <Elem>lib</Elem>
    <Elem>include</Elem>
  </sourceRootList>
  <projectmakefile>Makefile</projectmakefile>
  <confs>
    <conf name="Debug" type="1">
      <toolsSet>
        <compilerSet>default</compilerSet>
        <dependencyChecking>true</dependencyChecking>
        <rebuildPropChanged>false</rebuildPropChanged>
      </toolsSet>
      <compileType>
      </compileType>
      <item path="lib/imeiuret.h" ex="false" tool="3" flavor2="0">
      </item>
      <item path="lib/kisi.h" ex="false" tool="3" flavor2="0">
      </item>
      <item path="lib/kisiuret.h" ex="false" tool="3" flavor2="0">
      </item>
      <item path="lib/rastgeleuret.h" ex="false" tool="3" flavor2="0">
      </item>
      <item path="lib/tcnouret.h" ex="false" tool="3" flavor2="0">
      </item>
      <item path="lib/teluret.h" ex="false" tool="3" flavor2="0">
      </item>
      <item path="lib/yasuret.h" ex="false" tool="3" flavor2="0">
      </item>
      <item path="main.c" ex="false" tool="0" flavor2="0">
      </item>
    </conf>
    <conf name="Release" type="1">
      <toolsSet>
        <compilerSet>default</compilerSet>
        <dependencyChecking>true</dependencyChecking>
        <rebuildPropChanged>false</rebuildPropChanged>
      </toolsSet>
      <compileType>
        <cTool>
          <developmentMode>5</developmentMode>
        </cTool>
        <ccTool>
          <developmentMode>5</developmentMode>
        </ccTool>
        <fortranCompilerTool>
          <developmentMode>5</developmentMode>
        </fortranCompilerTool>
        <asmTool>
          <developmentMode>5</developmentMode>
        </asmTool>
      </compileType>
      <item path="lib/imeiuret.h" ex="false" tool="3" flavor2="0">
      </item>
      <item path="lib/kisi.h" ex="false" tool="3" flavor2="0">
      </item>
      <item path="lib/kisiuret.h" ex="false" tool="3" flavor2="0">
      </item>
      <item path="lib/rastgeleuret.h" ex="false" tool="3" flavor2="0">
      </item>
      <item path="lib/tcnouret.h" ex="false" tool="3" flavor2="0">
      </item>
      <item path="lib/teluret.h" ex="false" tool="3" flavor2="0">
      </item>
      <item path="lib/yasuret.h" ex="false" tool="3" flavor2="0">
      </item>
      <item path="main.c" ex="false" tool="0" flavor2="0">
      </item>
    </conf>
  </confs>
</configurationDescriptor>
